date,product_name,sales,promotion
01-08-2022,penpsudent_Toothpaste,821,0
02-08-2022,pepsudent_Toothpaste,660,0
03-08-2022,pepsudent_Toothpaste,999,0
04-08-2022,pepsudent_Toothpaste,313,0
05-08-2022,pepsudent_Toothpaste,977,0
06-08-2022,pepsudent_Toothpaste,586,0
07-08-2022,pepsudent_Toothpaste,327,0
08-08-2022,pepsudent_Toothpaste,510,0
09-08-2022,pepsudent_Toothpaste,123,1
10-08-2022,pepsudent_Toothpaste,958,0
11-08-2022,pepsudent_Toothpaste,218,0
12-08-2022,pepsudent_Toothpaste,883,0
13-08-2022,pepsudent_Toothpaste,355,0
14-08-2022,pepsudent_Toothpaste,820,0
15-08-2022,pepsudent_Toothpaste,286,0
16-08-2022,pepsudent_Toothpaste,788,0
17-08-2022,pepsudent_Toothpaste,894,0
18-08-2022,pepsudent_Toothpaste,641,0
19-08-2022,pepsudent_Toothpaste,372,0
20-08-2022,pepsudent_Toothpaste,584,0
21-08-2022,pepsudent_Toothpaste,657,0
22-08-2022,pepsudent_Toothpaste,444,0
23-08-2022,pepsudent_Toothpaste,444,0
24-08-2022,pepsudent_Toothpaste,202,0
25-08-2022,pepsudent_Toothpaste,472,0
26-08-2022,pepsudent_Toothpaste,722,1
27-08-2022,pepsudent_Toothpaste,530,0
28-08-2022,pepsudent_Toothpaste,140,0
29-08-2022,pepsudent_Toothpaste,520,0
30-08-2022,pepsudent_Toothpaste,369,0
31-08-2022,pepsudent_Toothpaste,648,0
01-09-2022,pepsudent_Toothpaste,510,0
02-09-2022,pepsudent_Toothpaste,169,0
03-09-2022,pepsudent_Toothpaste,334,0
04-09-2022,pepsudent_Toothpaste,696,0
05-09-2022,pepsudent_Toothpaste,473,0
06-09-2022,pepsudent_Toothpaste,535,0
07-09-2022,pepsudent_Toothpaste,462,0
08-09-2022,pepsudent_Toothpaste,121,0
09-09-2022,pepsudent_Toothpaste,467,0
10-09-2022,pepsudent_Toothpaste,712,0
11-09-2022,pepsudent_Toothpaste,857,0
12-09-2022,pepsudent_Toothpaste,462,0
13-09-2022,pepsudent_Toothpaste,492,0
14-09-2022,pepsudent_Toothpaste,750,0
15-09-2022,pepsudent_Toothpaste,266,0
16-09-2022,pepsudent_Toothpaste,657,0
17-09-2022,pepsudent_Toothpaste,145,0
18-09-2022,pepsudent_Toothpaste,796,0
19-09-2022,pepsudent_Toothpaste,416,0
20-09-2022,pepsudent_Toothpaste,855,0
21-09-2022,pepsudent_Toothpaste,122,0
22-09-2022,pepsudent_Toothpaste,836,0
23-09-2022,pepsudent_Toothpaste,369,0
24-09-2022,pepsudent_Toothpaste,983,0
25-09-2022,pepsudent_Toothpaste,583,0
26-09-2022,pepsudent_Toothpaste,820,0
27-09-2022,pepsudent_Toothpaste,942,0
28-09-2022,pepsudent_Toothpaste,979,0
29-09-2022,pepsudent_Toothpaste,279,0
30-09-2022,pepsudent_Toothpaste,898,0
01-10-2022,pepsudent_Toothpaste,193,1
02-10-2022,pepsudent_Toothpaste,350,0
03-10-2022,pepsudent_Toothpaste,492,0
04-10-2022,pepsudent_Toothpaste,560,0
05-10-2022,pepsudent_Toothpaste,772,0
06-10-2022,pepsudent_Toothpaste,637,0
07-10-2022,pepsudent_Toothpaste,692,0
08-10-2022,pepsudent_Toothpaste,342,0
09-10-2022,pepsudent_Toothpaste,677,0
10-10-2022,pepsudent_Toothpaste,439,0
11-10-2022,pepsudent_Toothpaste,519,0
12-10-2022,pepsudent_Toothpaste,901,0
13-10-2022,pepsudent_Toothpaste,806,0
14-10-2022,pepsudent_Toothpaste,372,0
15-10-2022,pepsudent_Toothpaste,718,0
16-10-2022,pepsudent_Toothpaste,856,0
17-10-2022,pepsudent_Toothpaste,616,0
18-10-2022,pepsudent_Toothpaste,357,0
19-10-2022,pepsudent_Toothpaste,195,0
20-10-2022,pepsudent_Toothpaste,124,0
21-10-2022,pepsudent_Toothpaste,736,0
22-10-2022,pepsudent_Toothpaste,674,0
23-10-2022,pepsudent_Toothpaste,994,0
24-10-2022,pepsudent_Toothpaste,857,0
25-10-2022,pepsudent_Toothpaste,924,0
26-10-2022,pepsudent_Toothpaste,947,0
27-10-2022,pepsudent_Toothpaste,583,0
28-10-2022,pepsudent_Toothpaste,839,0
29-10-2022,pepsudent_Toothpaste,794,0
30-10-2022,pepsudent_Toothpaste,548,0
31-10-2022,pepsudent_Toothpaste,252,0
01-11-2022,pepsudent_Toothpaste,186,1
02-11-2022,pepsudent_Toothpaste,121,0
03-11-2022,pepsudent_Toothpaste,897,0
04-11-2022,pepsudent_Toothpaste,830,0
05-11-2022,pepsudent_Toothpaste,204,0
06-11-2022,pepsudent_Toothpaste,404,0
07-11-2022,pepsudent_Toothpaste,316,0
08-11-2022,pepsudent_Toothpaste,391,1
09-11-2022,pepsudent_Toothpaste,985,1
10-11-2022,pepsudent_Toothpaste,994,0
11-11-2022,pepsudent_Toothpaste,635,0
12-11-2022,pepsudent_Toothpaste,307,0
13-11-2022,pepsudent_Toothpaste,829,0
14-11-2022,pepsudent_Toothpaste,540,0
15-11-2022,pepsudent_Toothpaste,535,0
16-11-2022,pepsudent_Toothpaste,662,0
17-11-2022,pepsudent_Toothpaste,839,0
18-11-2022,pepsudent_Toothpaste,354,0
19-11-2022,pepsudent_Toothpaste,139,0
20-11-2022,pepsudent_Toothpaste,170,0
21-11-2022,pepsudent_Toothpaste,545,0
22-11-2022,pepsudent_Toothpaste,342,0
23-11-2022,pepsudent_Toothpaste,909,0
24-11-2022,pepsudent_Toothpaste,679,1
25-11-2022,pepsudent_Toothpaste,328,0
26-11-2022,pepsudent_Toothpaste,531,0
27-11-2022,pepsudent_Toothpaste,762,0
28-11-2022,pepsudent_Toothpaste,771,0
29-11-2022,pepsudent_Toothpaste,374,1
30-11-2022,pepsudent_Toothpaste,328,0
01-12-2022,pepsudent_Toothpaste,448,0
02-12-2022,pepsudent_Toothpaste,122,0
03-12-2022,pepsudent_Toothpaste,838,0
04-12-2022,pepsudent_Toothpaste,170,0
05-12-2022,pepsudent_Toothpaste,763,0
06-12-2022,pepsudent_Toothpaste,412,1
07-12-2022,pepsudent_Toothpaste,173,0
08-12-2022,pepsudent_Toothpaste,226,0
09-12-2022,pepsudent_Toothpaste,616,0
10-12-2022,pepsudent_Toothpaste,902,0
11-12-2022,pepsudent_Toothpaste,295,0
12-12-2022,pepsudent_Toothpaste,628,0
13-12-2022,pepsudent_Toothpaste,866,0
14-12-2022,pepsudent_Toothpaste,859,0
15-12-2022,pepsudent_Toothpaste,326,0
16-12-2022,pepsudent_Toothpaste,191,0
17-12-2022,pepsudent_Toothpaste,823,0
18-12-2022,pepsudent_Toothpaste,443,0
19-12-2022,pepsudent_Toothpaste,111,0
20-12-2022,pepsudent_Toothpaste,246,0
21-12-2022,pepsudent_Toothpaste,345,0
22-12-2022,pepsudent_Toothpaste,664,0
23-12-2022,pepsudent_Toothpaste,779,1
24-12-2022,pepsudent_Toothpaste,484,1
25-12-2022,pepsudent_Toothpaste,987,0
26-12-2022,pepsudent_Toothpaste,256,0
27-12-2022,pepsudent_Toothpaste,829,0
28-12-2022,pepsudent_Toothpaste,307,0
29-12-2022,pepsudent_Toothpaste,220,0
30-12-2022,pepsudent_Toothpaste,286,0
31-12-2022,pepsudent_Toothpaste,411,0
01-01-2023,pepsudent_Toothpaste,880,0
02-01-2023,pepsudent_Toothpaste,539,0
03-01-2023,pepsudent_Toothpaste,736,0
04-01-2023,pepsudent_Toothpaste,257,0
05-01-2023,pepsudent_Toothpaste,842,0
06-01-2023,pepsudent_Toothpaste,672,0
07-01-2023,pepsudent_Toothpaste,587,0
08-01-2023,pepsudent_Toothpaste,798,0
09-01-2023,pepsudent_Toothpaste,805,0
10-01-2023,pepsudent_Toothpaste,296,0
11-01-2023,pepsudent_Toothpaste,154,0
12-01-2023,pepsudent_Toothpaste,141,0
13-01-2023,pepsudent_Toothpaste,756,0
14-01-2023,pepsudent_Toothpaste,389,0
15-01-2023,pepsudent_Toothpaste,102,0
16-01-2023,pepsudent_Toothpaste,751,0
17-01-2023,pepsudent_Toothpaste,561,0
18-01-2023,pepsudent_Toothpaste,988,0
19-01-2023,pepsudent_Toothpaste,680,1
20-01-2023,pepsudent_Toothpaste,469,0
21-01-2023,pepsudent_Toothpaste,630,0
22-01-2023,pepsudent_Toothpaste,957,0
23-01-2023,pepsudent_Toothpaste,274,0
24-01-2023,pepsudent_Toothpaste,601,0
25-01-2023,pepsudent_Toothpaste,777,0
26-01-2023,pepsudent_Toothpaste,187,0
27-01-2023,pepsudent_Toothpaste,308,0
28-01-2023,pepsudent_Toothpaste,589,0
29-01-2023,pepsudent_Toothpaste,712,1
30-01-2023,pepsudent_Toothpaste,652,0
31-01-2023,pepsudent_Toothpaste,290,0
01-02-2023,pepsudent_Toothpaste,319,0
02-02-2023,pepsudent_Toothpaste,363,0
03-02-2023,pepsudent_Toothpaste,237,0
04-02-2023,pepsudent_Toothpaste,379,0
05-02-2023,pepsudent_Toothpaste,223,0
06-02-2023,pepsudent_Toothpaste,520,0
07-02-2023,pepsudent_Toothpaste,902,1
08-02-2023,pepsudent_Toothpaste,765,0
09-02-2023,pepsudent_Toothpaste,246,0
10-02-2023,pepsudent_Toothpaste,566,0
11-02-2023,pepsudent_Toothpaste,676,0
12-02-2023,pepsudent_Toothpaste,777,0
13-02-2023,pepsudent_Toothpaste,846,0
14-02-2023,pepsudent_Toothpaste,979,0
15-02-2023,pepsudent_Toothpaste,947,0
16-02-2023,pepsudent_Toothpaste,919,0
17-02-2023,pepsudent_Toothpaste,959,0
18-02-2023,pepsudent_Toothpaste,426,0
19-02-2023,pepsudent_Toothpaste,391,0
20-02-2023,pepsudent_Toothpaste,727,0
21-02-2023,pepsudent_Toothpaste,483,1
22-02-2023,pepsudent_Toothpaste,358,0
23-02-2023,pepsudent_Toothpaste,545,0
24-02-2023,pepsudent_Toothpaste,151,0
25-02-2023,pepsudent_Toothpaste,627,0
26-02-2023,pepsudent_Toothpaste,872,0
27-02-2023,pepsudent_Toothpaste,575,1
28-02-2023,pepsudent_Toothpaste,438,0
01-03-2023,pepsudent_Toothpaste,815,0
02-03-2023,pepsudent_Toothpaste,236,0
03-03-2023,pepsudent_Toothpaste,461,0
04-03-2023,pepsudent_Toothpaste,631,1
05-03-2023,pepsudent_Toothpaste,688,1
06-03-2023,pepsudent_Toothpaste,218,0
07-03-2023,pepsudent_Toothpaste,689,0
08-03-2023,pepsudent_Toothpaste,756,0
09-03-2023,pepsudent_Toothpaste,142,0
10-03-2023,pepsudent_Toothpaste,803,0
11-03-2023,pepsudent_Toothpaste,683,0
12-03-2023,pepsudent_Toothpaste,161,0
13-03-2023,pepsudent_Toothpaste,665,0
14-03-2023,pepsudent_Toothpaste,465,0
15-03-2023,pepsudent_Toothpaste,209,0
16-03-2023,pepsudent_Toothpaste,274,0
17-03-2023,pepsudent_Toothpaste,827,0
18-03-2023,pepsudent_Toothpaste,299,0
19-03-2023,pepsudent_Toothpaste,581,0
20-03-2023,pepsudent_Toothpaste,439,0
21-03-2023,pepsudent_Toothpaste,938,0
22-03-2023,pepsudent_Toothpaste,782,0
23-03-2023,pepsudent_Toothpaste,288,0
24-03-2023,pepsudent_Toothpaste,717,0
25-03-2023,pepsudent_Toothpaste,651,0
26-03-2023,pepsudent_Toothpaste,440,0
27-03-2023,pepsudent_Toothpaste,854,0
28-03-2023,pepsudent_Toothpaste,875,0
29-03-2023,pepsudent_Toothpaste,676,0
30-03-2023,pepsudent_Toothpaste,159,0
31-03-2023,pepsudent_Toothpaste,762,0
01-04-2023,pepsudent_Toothpaste,213,0
02-04-2023,pepsudent_Toothpaste,785,0
03-04-2023,pepsudent_Toothpaste,808,1
04-04-2023,pepsudent_Toothpaste,206,0
05-04-2023,pepsudent_Toothpaste,131,0
06-04-2023,pepsudent_Toothpaste,770,0
07-04-2023,pepsudent_Toothpaste,341,0
08-04-2023,pepsudent_Toothpaste,255,1
09-04-2023,pepsudent_Toothpaste,635,0
10-04-2023,pepsudent_Toothpaste,426,0
11-04-2023,pepsudent_Toothpaste,110,0
12-04-2023,pepsudent_Toothpaste,812,0
13-04-2023,pepsudent_Toothpaste,259,0
14-04-2023,pepsudent_Toothpaste,625,0
15-04-2023,pepsudent_Toothpaste,184,0
16-04-2023,pepsudent_Toothpaste,903,1
17-04-2023,pepsudent_Toothpaste,921,0
18-04-2023,pepsudent_Toothpaste,780,0
19-04-2023,pepsudent_Toothpaste,268,0
20-04-2023,pepsudent_Toothpaste,774,0
21-04-2023,pepsudent_Toothpaste,679,0
22-04-2023,pepsudent_Toothpaste,759,0
23-04-2023,pepsudent_Toothpaste,319,0
24-04-2023,pepsudent_Toothpaste,799,0
25-04-2023,pepsudent_Toothpaste,272,0
26-04-2023,pepsudent_Toothpaste,992,0
27-04-2023,pepsudent_Toothpaste,813,0
28-04-2023,pepsudent_Toothpaste,142,0
29-04-2023,pepsudent_Toothpaste,311,0
30-04-2023,pepsudent_Toothpaste,557,0
01-05-2023,pepsudent_Toothpaste,916,0
02-05-2023,pepsudent_Toothpaste,430,0
03-05-2023,pepsudent_Toothpaste,618,0
04-05-2023,pepsudent_Toothpaste,853,0
05-05-2023,pepsudent_Toothpaste,758,1
06-05-2023,pepsudent_Toothpaste,543,0
07-05-2023,pepsudent_Toothpaste,899,0
08-05-2023,pepsudent_Toothpaste,446,0
09-05-2023,pepsudent_Toothpaste,315,0
10-05-2023,pepsudent_Toothpaste,382,0
11-05-2023,pepsudent_Toothpaste,256,0
12-05-2023,pepsudent_Toothpaste,372,0
13-05-2023,pepsudent_Toothpaste,263,0
14-05-2023,pepsudent_Toothpaste,632,0
15-05-2023,pepsudent_Toothpaste,289,0
16-05-2023,pepsudent_Toothpaste,376,0
17-05-2023,pepsudent_Toothpaste,915,0
18-05-2023,pepsudent_Toothpaste,988,0
19-05-2023,pepsudent_Toothpaste,765,0
20-05-2023,pepsudent_Toothpaste,219,0
21-05-2023,pepsudent_Toothpaste,967,0
22-05-2023,pepsudent_Toothpaste,428,0
23-05-2023,pepsudent_Toothpaste,320,0
24-05-2023,pepsudent_Toothpaste,396,0
25-05-2023,pepsudent_Toothpaste,555,0
26-05-2023,pepsudent_Toothpaste,510,0
27-05-2023,pepsudent_Toothpaste,310,0
28-05-2023,pepsudent_Toothpaste,662,0
29-05-2023,pepsudent_Toothpaste,928,0
30-05-2023,pepsudent_Toothpaste,477,0
31-05-2023,pepsudent_Toothpaste,951,1
01-06-2023,pepsudent_Toothpaste,357,0
02-06-2023,pepsudent_Toothpaste,224,0
03-06-2023,pepsudent_Toothpaste,179,0
04-06-2023,pepsudent_Toothpaste,845,0
05-06-2023,pepsudent_Toothpaste,504,0
06-06-2023,pepsudent_Toothpaste,265,1
07-06-2023,pepsudent_Toothpaste,540,0
08-06-2023,pepsudent_Toothpaste,479,0
09-06-2023,pepsudent_Toothpaste,184,1
10-06-2023,pepsudent_Toothpaste,563,0
11-06-2023,pepsudent_Toothpaste,993,0
12-06-2023,pepsudent_Toothpaste,769,0
13-06-2023,pepsudent_Toothpaste,467,0
14-06-2023,pepsudent_Toothpaste,397,0
15-06-2023,pepsudent_Toothpaste,528,0
16-06-2023,pepsudent_Toothpaste,585,1
17-06-2023,pepsudent_Toothpaste,687,0
18-06-2023,pepsudent_Toothpaste,727,0
19-06-2023,pepsudent_Toothpaste,308,0
20-06-2023,pepsudent_Toothpaste,152,0
21-06-2023,pepsudent_Toothpaste,297,0
22-06-2023,pepsudent_Toothpaste,598,0
23-06-2023,pepsudent_Toothpaste,249,0
24-06-2023,pepsudent_Toothpaste,773,1
25-06-2023,pepsudent_Toothpaste,725,0
26-06-2023,pepsudent_Toothpaste,350,0
27-06-2023,pepsudent_Toothpaste,951,0
28-06-2023,pepsudent_Toothpaste,930,0
29-06-2023,pepsudent_Toothpaste,342,0
30-06-2023,pepsudent_Toothpaste,777,0
01-07-2023,pepsudent_Toothpaste,615,0
02-07-2023,pepsudent_Toothpaste,227,0
03-07-2023,pepsudent_Toothpaste,356,0
04-07-2023,pepsudent_Toothpaste,847,0
05-07-2023,pepsudent_Toothpaste,803,0
06-07-2023,pepsudent_Toothpaste,748,0
07-07-2023,pepsudent_Toothpaste,866,0
08-07-2023,pepsudent_Toothpaste,168,0
09-07-2023,pepsudent_Toothpaste,763,0
10-07-2023,pepsudent_Toothpaste,916,0
11-07-2023,pepsudent_Toothpaste,453,0
12-07-2023,pepsudent_Toothpaste,464,0
13-07-2023,pepsudent_Toothpaste,914,0
14-07-2023,pepsudent_Toothpaste,537,1
15-07-2023,pepsudent_Toothpaste,740,0
16-07-2023,pepsudent_Toothpaste,143,0
17-07-2023,pepsudent_Toothpaste,755,1
18-07-2023,pepsudent_Toothpaste,548,1
19-07-2023,pepsudent_Toothpaste,327,0
20-07-2023,pepsudent_Toothpaste,219,0
21-07-2023,pepsudent_Toothpaste,177,0
22-07-2023,pepsudent_Toothpaste,188,0
23-07-2023,pepsudent_Toothpaste,265,0
24-07-2023,pepsudent_Toothpaste,471,0
25-07-2023,pepsudent_Toothpaste,611,1
26-07-2023,pepsudent_Toothpaste,317,1
27-07-2023,pepsudent_Toothpaste,517,0
28-07-2023,pepsudent_Toothpaste,636,0
29-07-2023,pepsudent_Toothpaste,572,1
30-07-2023,pepsudent_Toothpaste,174,0
31-07-2023,pepsudent_Toothpaste,509,0
01-08-2023,pepsudent_Toothpaste,902,0
02-08-2023,pepsudent_Toothpaste,978,0
03-08-2023,pepsudent_Toothpaste,343,0
04-08-2023,pepsudent_Toothpaste,764,0
05-08-2023,pepsudent_Toothpaste,347,0
06-08-2023,pepsudent_Toothpaste,942,0
07-08-2023,pepsudent_Toothpaste,151,0
08-08-2023,pepsudent_Toothpaste,259,0
09-08-2023,pepsudent_Toothpaste,111,0
10-08-2023,pepsudent_Toothpaste,100,0
11-08-2023,pepsudent_Toothpaste,418,0
12-08-2023,pepsudent_Toothpaste,187,0
13-08-2023,pepsudent_Toothpaste,404,0
14-08-2023,pepsudent_Toothpaste,602,0
15-08-2023,pepsudent_Toothpaste,562,0
16-08-2023,pepsudent_Toothpaste,531,0
17-08-2023,pepsudent_Toothpaste,456,1
18-08-2023,pepsudent_Toothpaste,380,0
19-08-2023,pepsudent_Toothpaste,377,0
20-08-2023,pepsudent_Toothpaste,493,0
21-08-2023,pepsudent_Toothpaste,791,0
22-08-2023,pepsudent_Toothpaste,848,0
23-08-2023,pepsudent_Toothpaste,966,0
24-08-2023,pepsudent_Toothpaste,699,0
25-08-2023,pepsudent_Toothpaste,472,0
26-08-2023,pepsudent_Toothpaste,599,0
27-08-2023,pepsudent_Toothpaste,149,0
28-08-2023,pepsudent_Toothpaste,478,0
29-08-2023,pepsudent_Toothpaste,830,1
30-08-2023,pepsudent_Toothpaste,494,0
31-08-2023,pepsudent_Toothpaste,859,0
01-09-2023,pepsudent_Toothpaste,992,0
02-09-2023,pepsudent_Toothpaste,909,0
03-09-2023,pepsudent_Toothpaste,348,0
04-09-2023,pepsudent_Toothpaste,351,0
05-09-2023,pepsudent_Toothpaste,766,0
06-09-2023,pepsudent_Toothpaste,840,0
07-09-2023,pepsudent_Toothpaste,123,0
08-09-2023,pepsudent_Toothpaste,166,0
09-09-2023,pepsudent_Toothpaste,441,0
10-09-2023,pepsudent_Toothpaste,268,0
11-09-2023,pepsudent_Toothpaste,832,0
12-09-2023,pepsudent_Toothpaste,587,0
13-09-2023,pepsudent_Toothpaste,506,0
14-09-2023,pepsudent_Toothpaste,107,0
15-09-2023,pepsudent_Toothpaste,306,0
16-09-2023,pepsudent_Toothpaste,721,1
17-09-2023,pepsudent_Toothpaste,743,0
18-09-2023,pepsudent_Toothpaste,477,0
19-09-2023,pepsudent_Toothpaste,779,1
20-09-2023,pepsudent_Toothpaste,327,0
21-09-2023,pepsudent_Toothpaste,373,0
22-09-2023,pepsudent_Toothpaste,851,0
23-09-2023,pepsudent_Toothpaste,504,0
24-09-2023,pepsudent_Toothpaste,117,0
25-09-2023,pepsudent_Toothpaste,806,0
26-09-2023,pepsudent_Toothpaste,470,0
27-09-2023,pepsudent_Toothpaste,493,1
28-09-2023,pepsudent_Toothpaste,245,0
29-09-2023,pepsudent_Toothpaste,743,0
30-09-2023,pepsudent_Toothpaste,970,0
01-10-2023,pepsudent_Toothpaste,823,1
02-10-2023,pepsudent_Toothpaste,727,0
03-10-2023,pepsudent_Toothpaste,707,0
04-10-2023,pepsudent_Toothpaste,264,0
05-10-2023,pepsudent_Toothpaste,320,0
06-10-2023,pepsudent_Toothpaste,562,0
07-10-2023,pepsudent_Toothpaste,998,0
08-10-2023,pepsudent_Toothpaste,209,0
09-10-2023,pepsudent_Toothpaste,443,0
10-10-2023,pepsudent_Toothpaste,567,1
11-10-2023,pepsudent_Toothpaste,999,0
12-10-2023,pepsudent_Toothpaste,246,0
13-10-2023,pepsudent_Toothpaste,267,0
14-10-2023,pepsudent_Toothpaste,577,0
15-10-2023,pepsudent_Toothpaste,719,0
16-10-2023,pepsudent_Toothpaste,736,0
17-10-2023,pepsudent_Toothpaste,654,0
18-10-2023,pepsudent_Toothpaste,226,0
19-10-2023,pepsudent_Toothpaste,308,0
20-10-2023,pepsudent_Toothpaste,379,0
21-10-2023,pepsudent_Toothpaste,490,0
22-10-2023,pepsudent_Toothpaste,414,0
23-10-2023,pepsudent_Toothpaste,949,0
24-10-2023,pepsudent_Toothpaste,484,0
25-10-2023,pepsudent_Toothpaste,326,0
26-10-2023,pepsudent_Toothpaste,695,0
27-10-2023,pepsudent_Toothpaste,402,0
28-10-2023,pepsudent_Toothpaste,146,0
29-10-2023,pepsudent_Toothpaste,352,0
30-10-2023,pepsudent_Toothpaste,372,0
31-10-2023,pepsudent_Toothpaste,324,1
01-11-2023,pepsudent_Toothpaste,354,0
02-11-2023,pepsudent_Toothpaste,737,0
03-11-2023,pepsudent_Toothpaste,662,0
04-11-2023,pepsudent_Toothpaste,911,0
05-11-2023,pepsudent_Toothpaste,242,0
06-11-2023,pepsudent_Toothpaste,503,0
07-11-2023,pepsudent_Toothpaste,820,0
08-11-2023,pepsudent_Toothpaste,445,1
09-11-2023,pepsudent_Toothpaste,627,0
10-11-2023,pepsudent_Toothpaste,779,0
11-11-2023,pepsudent_Toothpaste,407,0
12-11-2023,pepsudent_Toothpaste,768,0
13-11-2023,pepsudent_Toothpaste,228,0
14-11-2023,pepsudent_Toothpaste,835,0
15-11-2023,pepsudent_Toothpaste,804,0
16-11-2023,pepsudent_Toothpaste,639,0
17-11-2023,pepsudent_Toothpaste,921,0
18-11-2023,pepsudent_Toothpaste,633,0
19-11-2023,pepsudent_Toothpaste,538,0
20-11-2023,pepsudent_Toothpaste,879,0
21-11-2023,pepsudent_Toothpaste,370,0
22-11-2023,pepsudent_Toothpaste,275,0
23-11-2023,pepsudent_Toothpaste,706,0
24-11-2023,pepsudent_Toothpaste,431,0
25-11-2023,pepsudent_Toothpaste,247,0
26-11-2023,pepsudent_Toothpaste,826,0
27-11-2023,pepsudent_Toothpaste,412,0
28-11-2023,pepsudent_Toothpaste,805,0
29-11-2023,pepsudent_Toothpaste,800,1
30-11-2023,pepsudent_Toothpaste,971,0
01-12-2023,pepsudent_Toothpaste,134,0
02-12-2023,pepsudent_Toothpaste,984,0
03-12-2023,pepsudent_Toothpaste,765,0
04-12-2023,pepsudent_Toothpaste,145,0
05-12-2023,pepsudent_Toothpaste,297,0
06-12-2023,pepsudent_Toothpaste,100,0
07-12-2023,pepsudent_Toothpaste,642,0
08-12-2023,pepsudent_Toothpaste,532,0
09-12-2023,pepsudent_Toothpaste,891,0
10-12-2023,pepsudent_Toothpaste,305,0
11-12-2023,pepsudent_Toothpaste,508,0
12-12-2023,pepsudent_Toothpaste,261,0
13-12-2023,pepsudent_Toothpaste,495,0
14-12-2023,pepsudent_Toothpaste,184,0
15-12-2023,pepsudent_Toothpaste,591,0
16-12-2023,pepsudent_Toothpaste,847,0
17-12-2023,pepsudent_Toothpaste,312,0
18-12-2023,pepsudent_Toothpaste,588,0
19-12-2023,pepsudent_Toothpaste,133,0
20-12-2023,pepsudent_Toothpaste,956,0
21-12-2023,pepsudent_Toothpaste,652,0
22-12-2023,pepsudent_Toothpaste,946,0
23-12-2023,pepsudent_Toothpaste,346,0
24-12-2023,pepsudent_Toothpaste,107,0
25-12-2023,pepsudent_Toothpaste,647,0
26-12-2023,pepsudent_Toothpaste,723,0
27-12-2023,pepsudent_Toothpaste,727,0
28-12-2023,pepsudent_Toothpaste,754,1
29-12-2023,pepsudent_Toothpaste,391,0
30-12-2023,pepsudent_Toothpaste,980,0
31-12-2023,pepsudent_Toothpaste,677,0
01-01-2024,pepsudent_Toothpaste,700,1
02-01-2024,pepsudent_Toothpaste,540,0
03-01-2024,pepsudent_Toothpaste,828,0
04-01-2024,pepsudent_Toothpaste,882,0
05-01-2024,pepsudent_Toothpaste,464,0
06-01-2024,pepsudent_Toothpaste,735,0
07-01-2024,pepsudent_Toothpaste,310,0
08-01-2024,pepsudent_Toothpaste,140,0
09-01-2024,pepsudent_Toothpaste,937,0
10-01-2024,pepsudent_Toothpaste,135,0
11-01-2024,pepsudent_Toothpaste,957,0
12-01-2024,pepsudent_Toothpaste,100,0
13-01-2024,pepsudent_Toothpaste,705,0
14-01-2024,pepsudent_Toothpaste,183,0
15-01-2024,pepsudent_Toothpaste,925,0
16-01-2024,pepsudent_Toothpaste,746,1
17-01-2024,pepsudent_Toothpaste,481,1
18-01-2024,pepsudent_Toothpaste,374,0
19-01-2024,pepsudent_Toothpaste,283,0
20-01-2024,pepsudent_Toothpaste,840,0
21-01-2024,pepsudent_Toothpaste,441,0
22-01-2024,pepsudent_Toothpaste,478,0
23-01-2024,pepsudent_Toothpaste,392,0
24-01-2024,pepsudent_Toothpaste,631,1
25-01-2024,pepsudent_Toothpaste,855,0
26-01-2024,pepsudent_Toothpaste,536,0
27-01-2024,pepsudent_Toothpaste,972,0
28-01-2024,pepsudent_Toothpaste,129,1
29-01-2024,pepsudent_Toothpaste,763,0
30-01-2024,pepsudent_Toothpaste,295,0
31-01-2024,pepsudent_Toothpaste,894,0
01-02-2024,pepsudent_Toothpaste,783,0
02-02-2024,pepsudent_Toothpaste,435,0
03-02-2024,pepsudent_Toothpaste,636,0
04-02-2024,pepsudent_Toothpaste,816,0
05-02-2024,pepsudent_Toothpaste,522,0
06-02-2024,pepsudent_Toothpaste,265,0
07-02-2024,pepsudent_Toothpaste,590,0
08-02-2024,pepsudent_Toothpaste,745,0
09-02-2024,pepsudent_Toothpaste,557,0
10-02-2024,pepsudent_Toothpaste,837,0
11-02-2024,pepsudent_Toothpaste,108,0
12-02-2024,pepsudent_Toothpaste,707,0
13-02-2024,pepsudent_Toothpaste,101,0
14-02-2024,pepsudent_Toothpaste,392,0
15-02-2024,pepsudent_Toothpaste,484,0
16-02-2024,pepsudent_Toothpaste,478,0
17-02-2024,pepsudent_Toothpaste,849,0
18-02-2024,pepsudent_Toothpaste,364,0
19-02-2024,pepsudent_Toothpaste,269,0
20-02-2024,pepsudent_Toothpaste,945,0
21-02-2024,pepsudent_Toothpaste,583,0
22-02-2024,pepsudent_Toothpaste,900,0
23-02-2024,pepsudent_Toothpaste,241,0
24-02-2024,pepsudent_Toothpaste,903,0
25-02-2024,pepsudent_Toothpaste,458,0
26-02-2024,pepsudent_Toothpaste,828,0
27-02-2024,pepsudent_Toothpaste,413,0
28-02-2024,pepsudent_Toothpaste,813,0
29-02-2024,pepsudent_Toothpaste,395,0
01-03-2024,pepsudent_Toothpaste,485,0
02-03-2024,pepsudent_Toothpaste,974,0
03-03-2024,pepsudent_Toothpaste,133,0
04-03-2024,pepsudent_Toothpaste,573,0
05-03-2024,pepsudent_Toothpaste,113,0
06-03-2024,pepsudent_Toothpaste,894,0
07-03-2024,pepsudent_Toothpaste,178,0
08-03-2024,pepsudent_Toothpaste,422,0
09-03-2024,pepsudent_Toothpaste,763,1
10-03-2024,pepsudent_Toothpaste,270,0
11-03-2024,pepsudent_Toothpaste,469,0
12-03-2024,pepsudent_Toothpaste,424,0
13-03-2024,pepsudent_Toothpaste,562,0
14-03-2024,pepsudent_Toothpaste,955,0
15-03-2024,pepsudent_Toothpaste,172,0
16-03-2024,pepsudent_Toothpaste,366,0
17-03-2024,pepsudent_Toothpaste,307,0
18-03-2024,pepsudent_Toothpaste,830,1
19-03-2024,pepsudent_Toothpaste,721,1
20-03-2024,pepsudent_Toothpaste,595,0
21-03-2024,pepsudent_Toothpaste,244,0
22-03-2024,pepsudent_Toothpaste,506,0
23-03-2024,pepsudent_Toothpaste,374,0
24-03-2024,pepsudent_Toothpaste,337,0
25-03-2024,pepsudent_Toothpaste,310,0
26-03-2024,pepsudent_Toothpaste,638,0
27-03-2024,pepsudent_Toothpaste,825,0
28-03-2024,pepsudent_Toothpaste,203,1
29-03-2024,pepsudent_Toothpaste,819,0
30-03-2024,pepsudent_Toothpaste,354,0
31-03-2024,pepsudent_Toothpaste,528,0
01-04-2024,pepsudent_Toothpaste,197,0
02-04-2024,pepsudent_Toothpaste,114,0
03-04-2024,pepsudent_Toothpaste,527,0
04-04-2024,pepsudent_Toothpaste,140,0
05-04-2024,pepsudent_Toothpaste,441,0
06-04-2024,pepsudent_Toothpaste,838,0
07-04-2024,pepsudent_Toothpaste,841,0
08-04-2024,pepsudent_Toothpaste,107,0
09-04-2024,pepsudent_Toothpaste,657,0
10-04-2024,pepsudent_Toothpaste,869,0
11-04-2024,pepsudent_Toothpaste,330,0
12-04-2024,pepsudent_Toothpaste,458,1
13-04-2024,pepsudent_Toothpaste,973,0
14-04-2024,pepsudent_Toothpaste,539,0
15-04-2024,pepsudent_Toothpaste,563,0
16-04-2024,pepsudent_Toothpaste,803,0
17-04-2024,pepsudent_Toothpaste,402,0
18-04-2024,pepsudent_Toothpaste,658,0
19-04-2024,pepsudent_Toothpaste,434,0
20-04-2024,pepsudent_Toothpaste,424,0
21-04-2024,pepsudent_Toothpaste,145,0
22-04-2024,pepsudent_Toothpaste,905,0
23-04-2024,pepsudent_Toothpaste,435,0
24-04-2024,pepsudent_Toothpaste,323,0
25-04-2024,pepsudent_Toothpaste,610,1
26-04-2024,pepsudent_Toothpaste,340,0
27-04-2024,pepsudent_Toothpaste,903,0
28-04-2024,pepsudent_Toothpaste,486,0
29-04-2024,pepsudent_Toothpaste,743,0
30-04-2024,pepsudent_Toothpaste,322,0
01-05-2024,pepsudent_Toothpaste,811,1
02-05-2024,pepsudent_Toothpaste,496,0
03-05-2024,pepsudent_Toothpaste,708,0
04-05-2024,pepsudent_Toothpaste,648,0
05-05-2024,pepsudent_Toothpaste,352,1
06-05-2024,pepsudent_Toothpaste,262,0
07-05-2024,pepsudent_Toothpaste,671,0
08-05-2024,pepsudent_Toothpaste,738,0
09-05-2024,pepsudent_Toothpaste,150,0
10-05-2024,pepsudent_Toothpaste,451,0
11-05-2024,pepsudent_Toothpaste,963,1
12-05-2024,pepsudent_Toothpaste,891,0
13-05-2024,pepsudent_Toothpaste,499,0
14-05-2024,pepsudent_Toothpaste,888,0
15-05-2024,pepsudent_Toothpaste,717,0
16-05-2024,pepsudent_Toothpaste,109,0
17-05-2024,pepsudent_Toothpaste,333,0
18-05-2024,pepsudent_Toothpaste,438,1
19-05-2024,pepsudent_Toothpaste,535,0
20-05-2024,pepsudent_Toothpaste,781,0
21-05-2024,pepsudent_Toothpaste,994,0
22-05-2024,pepsudent_Toothpaste,621,0
23-05-2024,pepsudent_Toothpaste,102,0
24-05-2024,pepsudent_Toothpaste,815,0
25-05-2024,pepsudent_Toothpaste,462,0
26-05-2024,pepsudent_Toothpaste,268,0
27-05-2024,pepsudent_Toothpaste,276,0
28-05-2024,pepsudent_Toothpaste,839,0
29-05-2024,pepsudent_Toothpaste,404,0
30-05-2024,pepsudent_Toothpaste,973,0
31-05-2024,pepsudent_Toothpaste,983,0
01-06-2024,pepsudent_Toothpaste,816,0
02-06-2024,pepsudent_Toothpaste,773,0
03-06-2024,pepsudent_Toothpaste,640,0
04-06-2024,pepsudent_Toothpaste,566,0
05-06-2024,pepsudent_Toothpaste,688,0
06-06-2024,pepsudent_Toothpaste,904,0
07-06-2024,pepsudent_Toothpaste,978,1
08-06-2024,pepsudent_Toothpaste,634,0
09-06-2024,pepsudent_Toothpaste,139,0
10-06-2024,pepsudent_Toothpaste,865,0
11-06-2024,pepsudent_Toothpaste,499,0
12-06-2024,pepsudent_Toothpaste,489,0
13-06-2024,pepsudent_Toothpaste,471,0
14-06-2024,pepsudent_Toothpaste,991,0
15-06-2024,pepsudent_Toothpaste,876,0
16-06-2024,pepsudent_Toothpaste,677,0
17-06-2024,pepsudent_Toothpaste,841,0
18-06-2024,pepsudent_Toothpaste,163,0
19-06-2024,pepsudent_Toothpaste,941,0
20-06-2024,pepsudent_Toothpaste,597,0
21-06-2024,pepsudent_Toothpaste,102,0
22-06-2024,pepsudent_Toothpaste,648,0
23-06-2024,pepsudent_Toothpaste,748,0
24-06-2024,pepsudent_Toothpaste,890,0
25-06-2024,pepsudent_Toothpaste,482,0
26-06-2024,pepsudent_Toothpaste,740,0
27-06-2024,pepsudent_Toothpaste,959,0
28-06-2024,pepsudent_Toothpaste,535,0
29-06-2024,pepsudent_Toothpaste,173,1
30-06-2024,pepsudent_Toothpaste,630,0
01-07-2024,pepsudent_Toothpaste,948,0
02-07-2024,pepsudent_Toothpaste,715,1
03-07-2024,pepsudent_Toothpaste,130,0
04-07-2024,pepsudent_Toothpaste,126,0
05-07-2024,pepsudent_Toothpaste,785,0
06-07-2024,pepsudent_Toothpaste,546,1
07-07-2024,pepsudent_Toothpaste,699,0
08-07-2024,pepsudent_Toothpaste,399,1
09-07-2024,pepsudent_Toothpaste,723,0
10-07-2024,pepsudent_Toothpaste,153,0
11-07-2024,pepsudent_Toothpaste,172,0
12-07-2024,pepsudent_Toothpaste,427,1
13-07-2024,pepsudent_Toothpaste,162,0
14-07-2024,pepsudent_Toothpaste,441,1
15-07-2024,pepsudent_Toothpaste,918,0
16-07-2024,pepsudent_Toothpaste,738,0
17-07-2024,pepsudent_Toothpaste,137,0
18-07-2024,pepsudent_Toothpaste,352,0
19-07-2024,pepsudent_Toothpaste,483,0
20-07-2024,pepsudent_Toothpaste,561,0
21-07-2024,pepsudent_Toothpaste,132,0
22-07-2024,pepsudent_Toothpaste,712,0
23-07-2024,pepsudent_Toothpaste,243,0
24-07-2024,pepsudent_Toothpaste,349,0
25-07-2024,pepsudent_Toothpaste,388,0
26-07-2024,pepsudent_Toothpaste,557,0
27-07-2024,pepsudent_Toothpaste,269,0
28-07-2024,pepsudent_Toothpaste,830,0
29-07-2024,pepsudent_Toothpaste,117,0
30-07-2024,pepsudent_Toothpaste,381,0
31-07-2024,pepsudent_paste,125,2
